map_name,hero,Ultimate Kills,Ultimates Used,Kills per Ult
Blizzard World,Ana,271.0,426.0,0.636150234741784
Blizzard World,Ashe,146.0,217.0,0.6728110599078341
Blizzard World,Baptiste,336.0,562.0,0.597864768683274
Blizzard World,Bastion,2.0,2.0,1.0
Blizzard World,D.Va,387.0,983.0,0.3936927772126144
Blizzard World,Doomfist,6.0,12.0,0.5
Blizzard World,Echo,59.0,144.0,0.4097222222222222
Blizzard World,Genji,198.0,149.0,1.3288590604026846
Blizzard World,Hanzo,135.0,277.0,0.48736462093862815
Blizzard World,Junkrat,105.0,179.0,0.5865921787709497
Blizzard World,McCree,82.0,200.0,0.41
Blizzard World,Mei,398.0,328.0,1.2134146341463414
Blizzard World,Moira,87.0,195.0,0.4461538461538462
Blizzard World,Orisa,864.0,362.0,2.386740331491713
Blizzard World,Pharah,61.0,45.0,1.3555555555555556
Blizzard World,Reaper,29.0,19.0,1.5263157894736843
Blizzard World,Reinhardt,313.0,467.0,0.6702355460385439
Blizzard World,Roadhog,83.0,118.0,0.7033898305084746
Blizzard World,Sigma,171.0,204.0,0.8382352941176471
Blizzard World,Soldier: 76,20.0,24.0,0.8333333333333334
Blizzard World,Torbjörn,2.0,10.0,0.2
Blizzard World,Tracer,319.0,861.0,0.3704994192799071
Blizzard World,Winston,343.0,611.0,0.5613747954173486
Blizzard World,Wrecking Ball,27.0,104.0,0.25961538461538464
Blizzard World,Zarya,480.0,384.0,1.25
Busan,Ana,305.0,443.0,0.6884875846501128
Busan,Ashe,154.0,209.0,0.7368421052631579
Busan,Baptiste,205.0,382.0,0.5366492146596858
Busan,Bastion,1.0,3.0,0.3333333333333333
Busan,D.Va,267.0,653.0,0.40888208269525267
Busan,Doomfist,85.0,136.0,0.625
Busan,Echo,48.0,114.0,0.42105263157894735
Busan,Genji,95.0,75.0,1.2666666666666666
Busan,Hanzo,16.0,28.0,0.5714285714285714
Busan,Junkrat,12.0,11.0,1.0909090909090908
Busan,McCree,70.0,182.0,0.38461538461538464
Busan,Mei,354.0,292.0,1.2123287671232876
Busan,Moira,878.0,1168.0,0.7517123287671232
Busan,Orisa,1521.0,430.0,3.5372093023255813
Busan,Pharah,32.0,28.0,1.1428571428571428
Busan,Reaper,417.0,279.0,1.4946236559139785
Busan,Reinhardt,325.0,454.0,0.7158590308370044
Busan,Roadhog,53.0,60.0,0.8833333333333333
Busan,Sigma,339.0,420.0,0.8071428571428572
Busan,Soldier: 76,38.0,43.0,0.8837209302325582
Busan,Torbjörn,49.0,40.0,1.225
Busan,Tracer,243.0,578.0,0.4204152249134948
Busan,Winston,168.0,254.0,0.6614173228346457
Busan,Wrecking Ball,122.0,328.0,0.3719512195121951
Busan,Zarya,554.0,441.0,1.256235827664399
Dorado,Ana,454.0,596.0,0.761744966442953
Dorado,Ashe,40.0,70.0,0.5714285714285714
Dorado,Baptiste,41.0,81.0,0.5061728395061729
Dorado,Bastion,6.0,8.0,0.75
Dorado,D.Va,401.0,1173.0,0.34185848252344414
Dorado,Doomfist,35.0,63.0,0.5555555555555556
Dorado,Echo,93.0,152.0,0.6118421052631579
Dorado,Genji,234.0,225.0,1.04
Dorado,Hanzo,90.0,202.0,0.44554455445544555
Dorado,Junkrat,119.0,183.0,0.6502732240437158
Dorado,McCree,58.0,129.0,0.4496124031007752
Dorado,Mei,114.0,85.0,1.3411764705882352
Dorado,Moira,173.0,224.0,0.7723214285714286
Dorado,Orisa,516.0,220.0,2.3454545454545452
Dorado,Pharah,216.0,161.0,1.3416149068322982
Dorado,Reaper,106.0,72.0,1.4722222222222223
Dorado,Reinhardt,365.0,546.0,0.6684981684981685
Dorado,Roadhog,54.0,97.0,0.5567010309278351
Dorado,Sigma,80.0,101.0,0.7920792079207921
Dorado,Soldier: 76,42.0,47.0,0.8936170212765957
Dorado,Torbjörn,20.0,18.0,1.1111111111111112
Dorado,Tracer,216.0,607.0,0.35584843492586493
Dorado,Winston,482.0,736.0,0.654891304347826
Dorado,Wrecking Ball,35.0,116.0,0.3017241379310345
Dorado,Zarya,608.0,515.0,1.1805825242718446
Eichenwalde,Ana,429.0,573.0,0.7486910994764397
Eichenwalde,Ashe,95.0,150.0,0.6333333333333333
Eichenwalde,Baptiste,236.0,422.0,0.5592417061611374
Eichenwalde,Bastion,9.0,6.0,1.5
Eichenwalde,D.Va,346.0,933.0,0.3708467309753483
Eichenwalde,Doomfist,59.0,92.0,0.6413043478260869
Eichenwalde,Echo,87.0,192.0,0.453125
Eichenwalde,Genji,192.0,158.0,1.2151898734177216
Eichenwalde,Hanzo,62.0,125.0,0.496
Eichenwalde,Junkrat,69.0,101.0,0.6831683168316832
Eichenwalde,McCree,160.0,367.0,0.4359673024523161
Eichenwalde,Mei,275.0,213.0,1.2910798122065728
Eichenwalde,Moira,379.0,386.0,0.9818652849740933
Eichenwalde,Orisa,782.0,292.0,2.6780821917808217
Eichenwalde,Pharah,298.0,249.0,1.1967871485943775
Eichenwalde,Reaper,170.0,127.0,1.3385826771653544
Eichenwalde,Reinhardt,424.0,676.0,0.6272189349112426
Eichenwalde,Roadhog,52.0,63.0,0.8253968253968254
Eichenwalde,Sigma,190.0,239.0,0.7949790794979079
Eichenwalde,Soldier: 76,16.0,27.0,0.5925925925925926
Eichenwalde,Torbjörn,46.0,50.0,0.92
Eichenwalde,Tracer,245.0,604.0,0.4056291390728477
Eichenwalde,Winston,406.0,549.0,0.7395264116575592
Eichenwalde,Wrecking Ball,35.0,84.0,0.4166666666666667
Eichenwalde,Zarya,715.0,556.0,1.2859712230215827
Hanamura,Ana,587.0,779.0,0.7535301668806161
Hanamura,Ashe,170.0,263.0,0.6463878326996197
Hanamura,Baptiste,270.0,567.0,0.47619047619047616
Hanamura,Bastion,14.0,19.0,0.7368421052631579
Hanamura,D.Va,279.0,1026.0,0.2719298245614035
Hanamura,Doomfist,15.0,34.0,0.4411764705882353
Hanamura,Echo,111.0,181.0,0.6132596685082873
Hanamura,Genji,451.0,389.0,1.1593830334190232
Hanamura,Hanzo,95.0,180.0,0.5277777777777778
Hanamura,Junkrat,84.0,123.0,0.6829268292682927
Hanamura,McCree,44.0,128.0,0.34375
Hanamura,Mei,336.0,318.0,1.0566037735849056
Hanamura,Moira,263.0,398.0,0.6608040201005025
Hanamura,Orisa,1104.0,394.0,2.802030456852792
Hanamura,Pharah,109.0,105.0,1.0380952380952382
Hanamura,Reaper,81.0,77.0,1.051948051948052
Hanamura,Reinhardt,232.0,399.0,0.581453634085213
Hanamura,Roadhog,77.0,81.0,0.9506172839506173
Hanamura,Sigma,217.0,277.0,0.7833935018050542
Hanamura,Soldier: 76,101.0,158.0,0.6392405063291139
Hanamura,Torbjörn,18.0,26.0,0.6923076923076923
Hanamura,Tracer,271.0,796.0,0.34045226130653267
Hanamura,Winston,475.0,766.0,0.6201044386422977
Hanamura,Wrecking Ball,36.0,90.0,0.4
Hanamura,Zarya,379.0,274.0,1.3832116788321167
Havana,Ana,225.0,333.0,0.6756756756756757
Havana,Ashe,44.0,76.0,0.5789473684210527
Havana,Baptiste,424.0,680.0,0.6235294117647059
Havana,Bastion,11.0,8.0,1.375
Havana,D.Va,156.0,365.0,0.4273972602739726
Havana,Doomfist,7.0,21.0,0.3333333333333333
Havana,Echo,17.0,21.0,0.8095238095238095
Havana,Genji,139.0,112.0,1.2410714285714286
Havana,Hanzo,183.0,349.0,0.5243553008595988
Havana,Junkrat,,1.0,
Havana,McCree,52.0,174.0,0.2988505747126437
Havana,Mei,496.0,430.0,1.1534883720930234
Havana,Moira,179.0,214.0,0.8364485981308412
Havana,Orisa,967.0,377.0,2.5649867374005306
Havana,Pharah,30.0,25.0,1.2
Havana,Reaper,43.0,30.0,1.4333333333333333
Havana,Reinhardt,322.0,518.0,0.6216216216216216
Havana,Roadhog,117.0,159.0,0.7358490566037735
Havana,Sigma,185.0,218.0,0.8486238532110092
Havana,Soldier: 76,6.0,5.0,1.2
Havana,Torbjörn,3.0,3.0,1.0
Havana,Tracer,36.0,75.0,0.48
Havana,Winston,38.0,50.0,0.76
Havana,Wrecking Ball,22.0,53.0,0.41509433962264153
Havana,Zarya,417.0,329.0,1.2674772036474165
Hollywood,Ana,314.0,444.0,0.7072072072072072
Hollywood,Ashe,140.0,216.0,0.6481481481481481
Hollywood,Baptiste,230.0,420.0,0.5476190476190477
Hollywood,D.Va,320.0,841.0,0.380499405469679
Hollywood,Doomfist,19.0,46.0,0.41304347826086957
Hollywood,Echo,160.0,335.0,0.47761194029850745
Hollywood,Genji,173.0,127.0,1.3622047244094488
Hollywood,Hanzo,139.0,238.0,0.5840336134453782
Hollywood,Junkrat,71.0,104.0,0.6826923076923077
Hollywood,McCree,29.0,75.0,0.38666666666666666
Hollywood,Mei,214.0,170.0,1.2588235294117647
Hollywood,Moira,243.0,345.0,0.7043478260869566
Hollywood,Orisa,822.0,346.0,2.3757225433526012
Hollywood,Pharah,88.0,89.0,0.9887640449438202
Hollywood,Reaper,70.0,59.0,1.1864406779661016
Hollywood,Reinhardt,331.0,542.0,0.6107011070110702
Hollywood,Roadhog,121.0,134.0,0.9029850746268657
Hollywood,Sigma,219.0,269.0,0.8141263940520446
Hollywood,Soldier: 76,25.0,42.0,0.5952380952380952
Hollywood,Torbjörn,28.0,24.0,1.1666666666666667
Hollywood,Tracer,211.0,557.0,0.37881508078994613
Hollywood,Winston,271.0,440.0,0.615909090909091
Hollywood,Wrecking Ball,29.0,69.0,0.42028985507246375
Hollywood,Zarya,673.0,534.0,1.2602996254681649
Horizon Lunar Colony,Ana,148.0,235.0,0.6297872340425532
Horizon Lunar Colony,Ashe,1.0,4.0,0.25
Horizon Lunar Colony,Baptiste,24.0,49.0,0.4897959183673469
Horizon Lunar Colony,Bastion,24.0,28.0,0.8571428571428571
Horizon Lunar Colony,D.Va,233.0,793.0,0.2938209331651955
Horizon Lunar Colony,Doomfist,32.0,36.0,0.8888888888888888
Horizon Lunar Colony,Genji,134.0,133.0,1.0075187969924813
Horizon Lunar Colony,Hanzo,10.0,33.0,0.30303030303030304
Horizon Lunar Colony,Junkrat,203.0,276.0,0.7355072463768116
Horizon Lunar Colony,McCree,25.0,53.0,0.4716981132075472
Horizon Lunar Colony,Mei,42.0,46.0,0.9130434782608695
Horizon Lunar Colony,Moira,187.0,272.0,0.6875
Horizon Lunar Colony,Orisa,328.0,151.0,2.172185430463576
Horizon Lunar Colony,Pharah,60.0,55.0,1.0909090909090908
Horizon Lunar Colony,Reaper,47.0,36.0,1.3055555555555556
Horizon Lunar Colony,Reinhardt,229.0,408.0,0.5612745098039216
Horizon Lunar Colony,Roadhog,32.0,49.0,0.6530612244897959
Horizon Lunar Colony,Sigma,32.0,35.0,0.9142857142857143
Horizon Lunar Colony,Soldier: 76,22.0,33.0,0.6666666666666666
Horizon Lunar Colony,Torbjörn,2.0,7.0,0.2857142857142857
Horizon Lunar Colony,Tracer,170.0,453.0,0.37527593818984545
Horizon Lunar Colony,Winston,243.0,413.0,0.5883777239709443
Horizon Lunar Colony,Wrecking Ball,21.0,38.0,0.5526315789473685
Horizon Lunar Colony,Zarya,484.0,441.0,1.0975056689342404
Ilios,Ana,478.0,644.0,0.7422360248447205
Ilios,Ashe,93.0,134.0,0.6940298507462687
Ilios,Baptiste,133.0,230.0,0.5782608695652174
Ilios,Bastion,2.0,4.0,0.5
Ilios,D.Va,359.0,1380.0,0.26014492753623186
Ilios,Doomfist,36.0,85.0,0.4235294117647059
Ilios,Echo,187.0,295.0,0.6338983050847458
Ilios,Genji,169.0,160.0,1.05625
Ilios,Hanzo,22.0,55.0,0.4
Ilios,Junkrat,10.0,23.0,0.43478260869565216
Ilios,McCree,105.0,257.0,0.4085603112840467
Ilios,Mei,183.0,183.0,1.0
Ilios,Moira,478.0,737.0,0.6485753052917232
Ilios,Orisa,795.0,321.0,2.4766355140186915
Ilios,Pharah,322.0,286.0,1.1258741258741258
Ilios,Reaper,139.0,123.0,1.1300813008130082
Ilios,Reinhardt,222.0,409.0,0.5427872860635696
Ilios,Roadhog,55.0,77.0,0.7142857142857143
Ilios,Sigma,84.0,135.0,0.6222222222222222
Ilios,Soldier: 76,27.0,49.0,0.5510204081632653
Ilios,Torbjörn,14.0,25.0,0.56
Ilios,Tracer,443.0,1256.0,0.35270700636942676
Ilios,Winston,663.0,982.0,0.675152749490835
Ilios,Wrecking Ball,91.0,275.0,0.33090909090909093
Ilios,Zarya,621.0,569.0,1.0913884007029877
Junkertown,Ana,263.0,336.0,0.7827380952380952
Junkertown,Ashe,7.0,13.0,0.5384615384615384
Junkertown,Baptiste,203.0,383.0,0.5300261096605744
Junkertown,Bastion,103.0,102.0,1.0098039215686274
Junkertown,D.Va,457.0,1013.0,0.45113524185587367
Junkertown,Doomfist,3.0,4.0,0.75
Junkertown,Echo,55.0,113.0,0.48672566371681414
Junkertown,Genji,321.0,251.0,1.2788844621513944
Junkertown,Hanzo,179.0,333.0,0.5375375375375375
Junkertown,Junkrat,308.0,474.0,0.6497890295358649
Junkertown,McCree,18.0,45.0,0.4
Junkertown,Mei,278.0,224.0,1.2410714285714286
Junkertown,Moira,140.0,190.0,0.7368421052631579
Junkertown,Orisa,1656.0,782.0,2.1176470588235294
Junkertown,Pharah,20.0,16.0,1.25
Junkertown,Reaper,63.0,48.0,1.3125
Junkertown,Reinhardt,174.0,289.0,0.6020761245674741
Junkertown,Roadhog,382.0,476.0,0.8025210084033614
Junkertown,Sigma,161.0,221.0,0.7285067873303167
Junkertown,Soldier: 76,7.0,12.0,0.5833333333333334
Junkertown,Torbjörn,10.0,7.0,1.4285714285714286
Junkertown,Tracer,200.0,550.0,0.36363636363636365
Junkertown,Winston,230.0,306.0,0.7516339869281046
Junkertown,Wrecking Ball,8.0,27.0,0.2962962962962963
Junkertown,Zarya,237.0,195.0,1.2153846153846153
King's Row,Ana,579.0,747.0,0.7751004016064257
King's Row,Ashe,293.0,401.0,0.7306733167082294
King's Row,Baptiste,538.0,808.0,0.6658415841584159
King's Row,Bastion,9.0,8.0,1.125
King's Row,D.Va,537.0,1330.0,0.4037593984962406
King's Row,Doomfist,121.0,173.0,0.6994219653179191
King's Row,Echo,120.0,206.0,0.5825242718446602
King's Row,Genji,442.0,332.0,1.3313253012048192
King's Row,Hanzo,320.0,461.0,0.6941431670281996
King's Row,Junkrat,232.0,344.0,0.6744186046511628
King's Row,McCree,124.0,326.0,0.3803680981595092
King's Row,Mei,717.0,595.0,1.2050420168067226
King's Row,Moira,828.0,1140.0,0.7263157894736842
King's Row,Orisa,2028.0,686.0,2.956268221574344
King's Row,Pharah,178.0,144.0,1.2361111111111112
King's Row,Reaper,367.0,237.0,1.5485232067510548
King's Row,Reinhardt,834.0,1272.0,0.6556603773584906
King's Row,Roadhog,168.0,220.0,0.7636363636363637
King's Row,Sigma,492.0,612.0,0.803921568627451
King's Row,Soldier: 76,17.0,22.0,0.7727272727272727
King's Row,Torbjörn,1.0,6.0,0.16666666666666666
King's Row,Tracer,153.0,406.0,0.3768472906403941
King's Row,Winston,292.0,437.0,0.6681922196796338
King's Row,Wrecking Ball,41.0,110.0,0.37272727272727274
King's Row,Zarya,1490.0,1106.0,1.3471971066907775
Lijiang Tower,Ana,400.0,484.0,0.8264462809917356
Lijiang Tower,Ashe,93.0,113.0,0.8230088495575221
Lijiang Tower,Baptiste,300.0,480.0,0.625
Lijiang Tower,Bastion,1.0,2.0,0.5
Lijiang Tower,D.Va,322.0,1108.0,0.29061371841155237
Lijiang Tower,Doomfist,129.0,208.0,0.6201923076923077
Lijiang Tower,Echo,131.0,226.0,0.5796460176991151
Lijiang Tower,Genji,170.0,165.0,1.0303030303030303
Lijiang Tower,Hanzo,22.0,28.0,0.7857142857142857
Lijiang Tower,Junkrat,133.0,210.0,0.6333333333333333
Lijiang Tower,McCree,147.0,308.0,0.4772727272727273
Lijiang Tower,Mei,583.0,456.0,1.2785087719298245
Lijiang Tower,Moira,1165.0,1513.0,0.7699933906146729
Lijiang Tower,Orisa,1344.0,460.0,2.9217391304347826
Lijiang Tower,Pharah,499.0,417.0,1.196642685851319
Lijiang Tower,Reaper,468.0,355.0,1.3183098591549296
Lijiang Tower,Reinhardt,528.0,825.0,0.64
Lijiang Tower,Roadhog,74.0,79.0,0.9367088607594937
Lijiang Tower,Sigma,256.0,306.0,0.8366013071895425
Lijiang Tower,Soldier: 76,90.0,118.0,0.7627118644067796
Lijiang Tower,Torbjörn,18.0,21.0,0.8571428571428571
Lijiang Tower,Tracer,291.0,828.0,0.35144927536231885
Lijiang Tower,Winston,507.0,693.0,0.7316017316017316
Lijiang Tower,Wrecking Ball,78.0,205.0,0.3804878048780488
Lijiang Tower,Zarya,806.0,607.0,1.327841845140033
Nepal,Ana,253.0,326.0,0.7760736196319018
Nepal,Ashe,92.0,115.0,0.8
Nepal,Baptiste,176.0,314.0,0.5605095541401274
Nepal,Bastion,,1.0,
Nepal,D.Va,275.0,945.0,0.291005291005291
Nepal,Doomfist,32.0,49.0,0.6530612244897959
Nepal,Echo,62.0,114.0,0.543859649122807
Nepal,Genji,246.0,200.0,1.23
Nepal,Hanzo,22.0,43.0,0.5116279069767442
Nepal,Junkrat,110.0,162.0,0.6790123456790124
Nepal,McCree,65.0,213.0,0.3051643192488263
Nepal,Mei,240.0,212.0,1.1320754716981132
Nepal,Moira,368.0,426.0,0.863849765258216
Nepal,Orisa,472.0,223.0,2.116591928251121
Nepal,Pharah,243.0,199.0,1.221105527638191
Nepal,Reaper,102.0,72.0,1.4166666666666667
Nepal,Reinhardt,372.0,580.0,0.6413793103448275
Nepal,Roadhog,54.0,95.0,0.5684210526315789
Nepal,Sigma,142.0,185.0,0.7675675675675676
Nepal,Soldier: 76,132.0,156.0,0.8461538461538461
Nepal,Torbjörn,21.0,26.0,0.8076923076923077
Nepal,Tracer,282.0,749.0,0.376502002670227
Nepal,Winston,405.0,591.0,0.6852791878172588
Nepal,Wrecking Ball,62.0,146.0,0.4246575342465753
Nepal,Zarya,720.0,545.0,1.3211009174311927
Numbani,Ana,459.0,567.0,0.8095238095238095
Numbani,Ashe,137.0,247.0,0.5546558704453441
Numbani,Baptiste,174.0,250.0,0.696
Numbani,Bastion,28.0,26.0,1.0769230769230769
Numbani,D.Va,435.0,1232.0,0.3530844155844156
Numbani,Doomfist,32.0,63.0,0.5079365079365079
Numbani,Echo,60.0,160.0,0.375
Numbani,Genji,419.0,348.0,1.2040229885057472
Numbani,Hanzo,25.0,45.0,0.5555555555555556
Numbani,Junkrat,29.0,56.0,0.5178571428571429
Numbani,McCree,80.0,167.0,0.47904191616766467
Numbani,Mei,129.0,87.0,1.4827586206896552
Numbani,Moira,307.0,319.0,0.9623824451410659
Numbani,Orisa,590.0,186.0,3.172043010752688
Numbani,Pharah,177.0,142.0,1.2464788732394365
Numbani,Reaper,125.0,91.0,1.3736263736263736
Numbani,Reinhardt,287.0,448.0,0.640625
Numbani,Roadhog,41.0,61.0,0.6721311475409836
Numbani,Sigma,181.0,211.0,0.8578199052132701
Numbani,Soldier: 76,213.0,268.0,0.7947761194029851
Numbani,Torbjörn,3.0,1.0,3.0
Numbani,Tracer,358.0,1019.0,0.35132482826300293
Numbani,Winston,626.0,952.0,0.657563025210084
Numbani,Wrecking Ball,45.0,87.0,0.5172413793103449
Numbani,Zarya,813.0,643.0,1.2643856920684293
Oasis,Ana,419.0,502.0,0.8346613545816733
Oasis,Ashe,80.0,117.0,0.6837606837606838
Oasis,Baptiste,177.0,328.0,0.5396341463414634
Oasis,Bastion,4.0,2.0,2.0
Oasis,D.Va,283.0,1080.0,0.262037037037037
Oasis,Doomfist,21.0,53.0,0.39622641509433965
Oasis,Echo,94.0,171.0,0.5497076023391813
Oasis,Genji,219.0,167.0,1.311377245508982
Oasis,Hanzo,25.0,38.0,0.6578947368421053
Oasis,Junkrat,94.0,158.0,0.5949367088607594
Oasis,McCree,195.0,488.0,0.39959016393442626
Oasis,Mei,201.0,165.0,1.2181818181818183
Oasis,Moira,496.0,637.0,0.7786499215070644
Oasis,Orisa,453.0,184.0,2.4619565217391304
Oasis,Pharah,426.0,364.0,1.1703296703296704
Oasis,Reaper,127.0,93.0,1.3655913978494623
Oasis,Reinhardt,346.0,616.0,0.5616883116883117
Oasis,Roadhog,114.0,127.0,0.8976377952755905
Oasis,Sigma,129.0,180.0,0.7166666666666667
Oasis,Soldier: 76,67.0,83.0,0.8072289156626506
Oasis,Torbjörn,15.0,31.0,0.4838709677419355
Oasis,Tracer,317.0,940.0,0.3372340425531915
Oasis,Winston,527.0,790.0,0.6670886075949367
Oasis,Wrecking Ball,46.0,168.0,0.27380952380952384
Oasis,Zarya,750.0,598.0,1.254180602006689
Paris,Ana,188.0,269.0,0.6988847583643123
Paris,Ashe,9.0,16.0,0.5625
Paris,Baptiste,87.0,147.0,0.5918367346938775
Paris,Bastion,42.0,35.0,1.2
Paris,D.Va,118.0,269.0,0.43866171003717475
Paris,Doomfist,9.0,16.0,0.5625
Paris,Echo,28.0,54.0,0.5185185185185185
Paris,Genji,24.0,17.0,1.411764705882353
Paris,Hanzo,13.0,41.0,0.3170731707317073
Paris,Junkrat,27.0,39.0,0.6923076923076923
Paris,McCree,12.0,32.0,0.375
Paris,Mei,61.0,57.0,1.0701754385964912
Paris,Moira,105.0,102.0,1.0294117647058822
Paris,Orisa,299.0,104.0,2.875
Paris,Pharah,72.0,59.0,1.2203389830508475
Paris,Reaper,45.0,32.0,1.40625
Paris,Reinhardt,127.0,233.0,0.5450643776824035
Paris,Roadhog,13.0,18.0,0.7222222222222222
Paris,Sigma,36.0,48.0,0.75
Paris,Soldier: 76,6.0,6.0,1.0
Paris,Torbjörn,13.0,21.0,0.6190476190476191
Paris,Tracer,11.0,31.0,0.3548387096774194
Paris,Winston,108.0,145.0,0.7448275862068966
Paris,Wrecking Ball,12.0,45.0,0.26666666666666666
Paris,Zarya,376.0,267.0,1.408239700374532
Rialto,Ana,170.0,213.0,0.7981220657276995
Rialto,Ashe,85.0,111.0,0.7657657657657657
Rialto,Baptiste,213.0,368.0,0.5788043478260869
Rialto,Bastion,17.0,21.0,0.8095238095238095
Rialto,D.Va,263.0,555.0,0.47387387387387386
Rialto,Doomfist,38.0,53.0,0.7169811320754716
Rialto,Echo,108.0,209.0,0.5167464114832536
Rialto,Genji,59.0,41.0,1.4390243902439024
Rialto,Hanzo,31.0,44.0,0.7045454545454546
Rialto,McCree,23.0,60.0,0.38333333333333336
Rialto,Mei,107.0,71.0,1.5070422535211268
Rialto,Moira,238.0,208.0,1.1442307692307692
Rialto,Orisa,819.0,277.0,2.9566787003610107
Rialto,Pharah,118.0,79.0,1.4936708860759493
Rialto,Reaper,97.0,61.0,1.5901639344262295
Rialto,Reinhardt,383.0,659.0,0.5811836115326252
Rialto,Roadhog,,1.0,
Rialto,Sigma,247.0,304.0,0.8125
Rialto,Soldier: 76,8.0,5.0,1.6
Rialto,Torbjörn,8.0,9.0,0.8888888888888888
Rialto,Tracer,76.0,169.0,0.44970414201183434
Rialto,Winston,55.0,78.0,0.7051282051282052
Rialto,Wrecking Ball,25.0,46.0,0.5434782608695652
Rialto,Zarya,869.0,691.0,1.2575976845151953
Route 66,Ana,210.0,307.0,0.6840390879478827
Route 66,Ashe,94.0,132.0,0.7121212121212122
Route 66,Baptiste,229.0,428.0,0.5350467289719626
Route 66,Bastion,,3.0,
Route 66,D.Va,260.0,973.0,0.2672147995889003
Route 66,Doomfist,16.0,21.0,0.7619047619047619
Route 66,Echo,24.0,38.0,0.631578947368421
Route 66,Genji,251.0,201.0,1.2487562189054726
Route 66,Hanzo,157.0,302.0,0.5198675496688742
Route 66,Junkrat,6.0,14.0,0.42857142857142855
Route 66,McCree,41.0,123.0,0.3333333333333333
Route 66,Mei,366.0,262.0,1.3969465648854962
Route 66,Moira,205.0,249.0,0.8232931726907631
Route 66,Orisa,785.0,341.0,2.302052785923754
Route 66,Pharah,23.0,18.0,1.2777777777777777
Route 66,Reaper,90.0,75.0,1.2
Route 66,Reinhardt,239.0,389.0,0.6143958868894601
Route 66,Roadhog,126.0,164.0,0.7682926829268293
Route 66,Sigma,145.0,177.0,0.8192090395480226
Route 66,Soldier: 76,28.0,52.0,0.5384615384615384
Route 66,Torbjörn,28.0,33.0,0.8484848484848485
Route 66,Tracer,393.0,1138.0,0.3453427065026362
Route 66,Winston,443.0,719.0,0.6161335187760779
Route 66,Wrecking Ball,9.0,20.0,0.45
Route 66,Zarya,450.0,346.0,1.300578034682081
Temple of Anubis,Ana,516.0,714.0,0.7226890756302521
Temple of Anubis,Ashe,191.0,308.0,0.6201298701298701
Temple of Anubis,Baptiste,259.0,518.0,0.5
Temple of Anubis,Bastion,13.0,9.0,1.4444444444444444
Temple of Anubis,D.Va,327.0,1368.0,0.23903508771929824
Temple of Anubis,Doomfist,73.0,137.0,0.5328467153284672
Temple of Anubis,Echo,175.0,364.0,0.4807692307692308
Temple of Anubis,Genji,648.0,552.0,1.173913043478261
Temple of Anubis,Hanzo,50.0,120.0,0.4166666666666667
Temple of Anubis,Junkrat,263.0,416.0,0.6322115384615384
Temple of Anubis,McCree,33.0,109.0,0.30275229357798167
Temple of Anubis,Mei,251.0,230.0,1.0913043478260869
Temple of Anubis,Moira,453.0,530.0,0.8547169811320755
Temple of Anubis,Orisa,984.0,398.0,2.472361809045226
Temple of Anubis,Pharah,59.0,61.0,0.9672131147540983
Temple of Anubis,Reaper,226.0,168.0,1.3452380952380953
Temple of Anubis,Reinhardt,328.0,550.0,0.5963636363636363
Temple of Anubis,Roadhog,42.0,82.0,0.5121951219512195
Temple of Anubis,Sigma,259.0,307.0,0.8436482084690554
Temple of Anubis,Soldier: 76,7.0,7.0,1.0
Temple of Anubis,Torbjörn,47.0,43.0,1.0930232558139534
Temple of Anubis,Tracer,258.0,787.0,0.3278271918678526
Temple of Anubis,Winston,566.0,939.0,0.6027689030883919
Temple of Anubis,Wrecking Ball,37.0,102.0,0.3627450980392157
Temple of Anubis,Zarya,665.0,583.0,1.1406518010291595
Volskaya Industries,Ana,579.0,810.0,0.7148148148148148
Volskaya Industries,Ashe,265.0,384.0,0.6901041666666666
Volskaya Industries,Baptiste,329.0,541.0,0.6081330868761553
Volskaya Industries,Bastion,3.0,1.0,3.0
Volskaya Industries,D.Va,344.0,1150.0,0.2991304347826087
Volskaya Industries,Doomfist,1.0,15.0,0.06666666666666667
Volskaya Industries,Echo,130.0,257.0,0.5058365758754864
Volskaya Industries,Genji,349.0,330.0,1.0575757575757576
Volskaya Industries,Hanzo,104.0,233.0,0.44635193133047213
Volskaya Industries,Junkrat,2.0,6.0,0.3333333333333333
Volskaya Industries,McCree,53.0,162.0,0.3271604938271605
Volskaya Industries,Mei,203.0,204.0,0.9950980392156863
Volskaya Industries,Moira,305.0,345.0,0.8840579710144928
Volskaya Industries,Orisa,902.0,361.0,2.4986149584487536
Volskaya Industries,Pharah,125.0,107.0,1.1682242990654206
Volskaya Industries,Reaper,77.0,81.0,0.9506172839506173
Volskaya Industries,Reinhardt,210.0,363.0,0.5785123966942148
Volskaya Industries,Roadhog,148.0,180.0,0.8222222222222222
Volskaya Industries,Sigma,199.0,304.0,0.6546052631578947
Volskaya Industries,Soldier: 76,67.0,90.0,0.7444444444444445
Volskaya Industries,Torbjörn,40.0,39.0,1.0256410256410255
Volskaya Industries,Tracer,518.0,1445.0,0.35847750865051903
Volskaya Industries,Winston,676.0,1074.0,0.6294227188081937
Volskaya Industries,Wrecking Ball,67.0,189.0,0.3544973544973545
Volskaya Industries,Zarya,647.0,598.0,1.0819397993311037
Watchpoint: Gibraltar,Ana,660.0,879.0,0.7508532423208191
Watchpoint: Gibraltar,Ashe,110.0,174.0,0.632183908045977
Watchpoint: Gibraltar,Baptiste,84.0,142.0,0.5915492957746479
Watchpoint: Gibraltar,Bastion,24.0,23.0,1.0434782608695652
Watchpoint: Gibraltar,D.Va,405.0,1355.0,0.2988929889298893
Watchpoint: Gibraltar,Doomfist,47.0,89.0,0.5280898876404494
Watchpoint: Gibraltar,Echo,143.0,295.0,0.4847457627118644
Watchpoint: Gibraltar,Genji,432.0,366.0,1.180327868852459
Watchpoint: Gibraltar,Hanzo,43.0,124.0,0.3467741935483871
Watchpoint: Gibraltar,Junkrat,16.0,26.0,0.6153846153846154
Watchpoint: Gibraltar,McCree,46.0,97.0,0.4742268041237113
Watchpoint: Gibraltar,Mei,77.0,43.0,1.7906976744186047
Watchpoint: Gibraltar,Moira,227.0,270.0,0.8407407407407408
Watchpoint: Gibraltar,Orisa,403.0,141.0,2.858156028368794
Watchpoint: Gibraltar,Pharah,22.0,19.0,1.1578947368421053
Watchpoint: Gibraltar,Reaper,85.0,79.0,1.0759493670886076
Watchpoint: Gibraltar,Reinhardt,248.0,376.0,0.6595744680851063
Watchpoint: Gibraltar,Roadhog,32.0,32.0,1.0
Watchpoint: Gibraltar,Sigma,130.0,170.0,0.7647058823529411
Watchpoint: Gibraltar,Soldier: 76,33.0,55.0,0.6
Watchpoint: Gibraltar,Torbjörn,10.0,26.0,0.38461538461538464
Watchpoint: Gibraltar,Tracer,376.0,995.0,0.3778894472361809
Watchpoint: Gibraltar,Winston,837.0,1404.0,0.5961538461538461
Watchpoint: Gibraltar,Wrecking Ball,28.0,59.0,0.4745762711864407
Watchpoint: Gibraltar,Zarya,809.0,667.0,1.2128935532233882
